movieId,title,peak_month,lift,n,peak_years,top_year_share
2423,Christmas Vacation (National Lampoon's Christmas Vacation) (1989),Dec,4.003739108310317,639,23,0.1179245283018868
3087,Scrooged (1988),Dec,3.843632003320664,427,20,0.09558823529411764
2083,"Muppet Christmas Carol, The (1992)",Dec,3.409003957747432,354,13,0.14
8965,"Polar Express, The (2004)",Dec,3.010188798106238,445,16,0.16216216216216217
2052,Hocus Pocus (1993),Oct,3.1028941903048493,358,9,0.22093023255813954
6936,Elf (2003),Dec,2.9786172080818183,944,18,0.0944206008583691
6957,Bad Santa (2003),Dec,3.0455202549970743,634,18,0.1625
2804,"Christmas Story, A (1983)",Dec,2.9582726173417595,1028,23,0.21031746031746032
2398,Miracle on 34th Street (1947),Dec,2.7661877454628656,397,15,0.12087912087912088
953,It's a Wonderful Life (1946),Dec,2.6897729656745852,1337,24,0.11409395973154363
317,"Santa Clause, The (1994)",Dec,2.561027925042154,622,23,0.08333333333333333
1982,Halloween (1978),Oct,2.4483658020874457,823,21,0.14102564102564102
3988,How the Grinch Stole Christmas (a.k.a. The Grinch) (2000),Dec,2.3418096671249025,639,16,0.10483870967741936
277,Miracle on 34th Street (1994),Dec,2.380958926381328,370,9,0.136986301369863
2953,Home Alone 2: Lost in New York (1992),Dec,2.3746909732828887,869,20,0.10526315789473684
2459,"Texas Chainsaw Massacre, The (1974)",Oct,2.2927708369036406,569,11,0.1485148514851485
3917,Hellraiser (1987),Oct,2.188366371578636,484,11,0.17073170731707318
49286,"Holiday, The (2006)",Dec,2.2273534482177926,661,13,0.16393442622950818
1342,Candyman (1992),Oct,2.049655840650474,334,6,0.20754716981132076
97188,Sinister (2012),Oct,2.217716313860575,431,9,0.16216216216216217
1974,Friday the 13th (1980),Oct,2.0654387536396768,419,9,0.11940298507462686
1373,Star Trek V: The Final Frontier (1989),Dec,2.0477161782396904,442,11,0.26666666666666666
